path	size_bytes	sha256
.zenodo.json	1261	bd813bc69ae8e66e56a473d1592e199821bb0ba96a2d3a06c561af2ee35bfc70
CITATION.cff	1283	c0240be53120d2469d4250c1940c9740830e27134b80644ad8d078e5735dc7ef
DATA_LICENSE.txt	628	8a8dd7d6e11d698b2f44475c00288478fd8792ba9ab9aff4f5d514ae4d960342
DOI_SYNCHRONIZATION_NOTES.md	707	212fa3f4bd163b59c1d8245c0329e118931f770ca4f170f05f660c2858cca147
LICENSE	1156	9817ca37c31bf4049e1f81cc01f0cdb440a5b2167ea72a840879ee2e28e972a7
POST_ZENODO_DOI_UPDATE.md	820	7b95fad04f37e06850092225a70683a02671b28769a6275ceba99d6e6ce0c9a5
README.md	9983	7612e3b6b958de602477d26790b62f005f7aaed211766e37479a5507f94198e7
RELEASE_NOTES_v1.0.0.md	1303	2bb04196ad19ee731ef85c13f0d8812c3dda6606ebb3f673937e7d5a4da72e8b
config/production_config.json	950	5b5bb275e30f1637f4f9765cf646fe6ed3bef9b48d4579d6396380f2b8aab1f7
docs/COMPACT_SENSITIVITY_AUDIT.md	1531	6fd6e1e5f52b77aad157452feae4650a942891299b09832c347ded8706341f19
docs/DATA_INVENTORY.md	4468	1295b415f5b53861ffcbb3f2aebcea9c0da5cf8003ef42ff63f25636da43f443
docs/PACKAGE_VALIDATION_FIX_CHANGELOG.md	1271	c9d2f3cd8cee5ffa01c6ff57dec57e44459d08aaf4e330df2026c74a28a02a73
docs/REPRODUCIBILITY_CHECKLIST.md	1338	3382a076cdbc50268ea1475b03d1140fffbc55ef9ef02e611470cf733a8b0328
docs/VALIDATION_NOTES.md	1082	d38cf5590eeb2035ec77e8d4c0a5759e8300234822a8e29557f2f7410dcedbfb
environment.yml	169	6ff1a5d9ed40a65f8a7403560ef1d24e992d2c75a625e9c4bfc82cfe5a0c219a
manuscript_support/Supplementary_Material_release_ready.pdf	359985	6ba2ec5392c9909985833ea078f9f6d78bc814a9602a1858831c2ca522b979fd
manuscript_support/Supplementary_Material_release_ready.tex	13351	a7264842d89482eadd4c23df8da2b0cc7056540ba13741d9edfaaa062c8e7b28
manuscript_support/cover_letter_scientific_reports_LB_doi_synced.pdf	136104	f407456e504931b3b6a513fb0b4cf1f87abaee9ec6bb560d339acc0d2cc96819
manuscript_support/cover_letter_scientific_reports_LB_doi_synced.tex	5582	67d6b8d73eeb0448f781bc85b53c5e1f8707aa8a557594a0d889fd54a108d02d
manuscript_support/jabbrv-ltwa-all.ldf	49107	af218569e01a300ec7ddceabfba04fefd9a826c3759393ddcd4ac894bc904ea5
manuscript_support/jabbrv-ltwa-en.ldf	268657	a6ec2fbd6a397adcbbc4de0bdb1acf6b35dfb0ee7a558a6bf66c50c96750f201
manuscript_support/jabbrv.sty	15480	79110f7efbc1860f7b12477c2f1ae36edf3e44922203dff820a4fef3cc5de4d1
manuscript_support/main_scientific_reports_release_ready.bbl	22701	3f28d65926cf646f5840d0ae668ed19afb14c4634982e889a4a149a271f68349
manuscript_support/main_scientific_reports_release_ready.pdf	601673	7682d2ce13bbe468ea88c0ccfb34a24805b869fcd02cc073d13dd7954abc8e11
manuscript_support/main_scientific_reports_release_ready.tex	59067	f51fefba485aae991fb0d6973476393cb3e65b6f2794081a947ff44b11b59ad0
manuscript_support/media/contact_detections_100x100x100.pdf	19664	57403f999e4b8d1a63a764b6c72d3acb43b651ef827fe516ae4669ca1c8fbe7f
manuscript_support/media/contact_detections_130x130x130.pdf	19478	2fc7dcea4904f6f1285b64e6350aef60f35b9786f5f1ed76157ffc72e78e0aa3
manuscript_support/media/grid_3D.png	350517	b922e21310c9c3824ac32ce780d9fd1897a5866cc1b66e69dfca21184f0b1331
manuscript_support/media/output-100x100x100-SBR2025.pdf	21456	1217f7b68e9bfe7b5186da43d641315ce2caf7e48e400664bc9b33b2c7bfc12d
manuscript_support/media/output-130x130x130-SBR2025.pdf	21280	650059766803265a82869d1e703dacfdec902798b6ead545cc22697867748321
manuscript_support/media/production/Fig2A_domain_comparison_raw.pdf	15283	e10ffdc5eaa87f165910bf01c934b53fab26beb9752d13ae796de7428a12dfea
manuscript_support/media/production/Fig2B_domain_comparison_unique.pdf	15606	73e12026128c95c73a77cc33a5c5ff1cdcbc4e9ca32a534ec3336bb708844969
manuscript_support/media/production/Fig3_raw_vs_unique_endpoint.pdf	11784	96a8ea49996e5fb075ffdf92136cf5cab635c77a15d5dc11dd5b8f6657d1151b
manuscript_support/media/production/Fig4A_heatmap_raw_100.pdf	17312	61bd1cc354c491274de7d68156282ebc729887c9cfc492098add33a3e8978564
manuscript_support/media/production/Fig4B_heatmap_unique_100.pdf	17581	2534eca03984a9c33043f98869f04117d34f286e84ccc098a6fcc3149993a21f
manuscript_support/media/production/Fig5A_timeseries_cumulative_raw.pdf	17473	24d9451b39eab9b96aaf35770e0b0bb32fc07afdbe7d24d4a6fb644c34d648a2
manuscript_support/media/production/Fig5B_timeseries_cumulative_unique.pdf	17425	f9b6b3d30c60ee427c8d8e2685f359ba51a0b89c0134025598f3cc53bddd8631
manuscript_support/media/production/Fig6A_density_stability_margins.pdf	16684	36a98b7bd765d22312d9fb968a0a8ca6fb25f9a9b9285285e07f6fca2b117a85
manuscript_support/media/production/Fig6A_density_stability_margins_aggregate.pdf	16752	19569f3ac9311841c89827c6055a17108eb839190524286de5b3e16112fec184
manuscript_support/media/production/Fig6A_density_stability_margins_aggregate.png	136443	4c8722534847dc72c129d4bba91ace71c908126aec8c08f6a55cd5b402e7944f
manuscript_support/media/production/Fig6B_timeseries_max_rho.pdf	17525	0d9018d6b78bcb2407eb52c99b95f0ef16c7a7393a76ae41adfc53a8da3f64e4
manuscript_support/media/scientific_reports_transfer.pdf	511035	35d798771fd0f6cd0082d809e601b9dac3dbf848d6cf9ad20704f4f170adc63a
manuscript_support/naturemag-doi.bst	36153	df0d948e8b09dedd5ed071af1c7740ed616106e879111f304967e31a87b238a9
manuscript_support/references.bib	26711	2a73c9d0ff2b4ddcfe8910e0f9930ce092223f9694e8daeaa08fb33b92bc56eb
manuscript_support/references_bibliography_fixed.bib	26711	2a73c9d0ff2b4ddcfe8910e0f9930ce092223f9694e8daeaa08fb33b92bc56eb
manuscript_support/supplement_figures/SFig1_quadratic_raw_100.pdf	21856	381e06c3d31cb658b15eeb1ce36bedf0d8063cf8aa4f723138692ac8fb84998b
manuscript_support/supplement_figures/SFig2_quadratic_raw_130.pdf	21872	9cd36162b1b1216aacb246657b89a42934afd4f06e3f0ac763ac8eeef73bf2d3
manuscript_support/supplement_figures/SFig3_quadratic_unique_100.pdf	22151	24acb46d29f33ea57e127b656c673928f1b531ff5d4101d79178a149b0436bce
manuscript_support/supplement_figures/SFig4_quadratic_unique_130.pdf	22157	1cf18e8364cec1c22120f032ea51873f584186464b8d33220e40589bb3a1a0f4
manuscript_support/supplement_figures/SFig5_worstcase_active_contacts.pdf	17641	c5d5557c14461fabda3eb6fe93547f26e430e36dd5de72d2c7b40e231fd47d0e
manuscript_support/supplement_figures/SFig6_worstcase_cumulative_raw.pdf	18337	8b5231510aecc1d51f4e1ea532924b3f488fbf21a9c2699a00edfeb451577922
manuscript_support/supplement_figures/SFig7_worstcase_cumulative_unique.pdf	18451	137530d60a32342c4e97d73400d2de9e9492c64813bb37582a8135c0e7912aea
manuscript_support/supplement_figures/SFig8_worstcase_max_rho.pdf	18035	96a497ef8a5e4568345f6ddf87d2cf4f83591df976f70bf22e2659bbc2d046f9
manuscript_support/supplement_figures/SFig_raw_vs_unique_endpoint.pdf	11784	96a8ea49996e5fb075ffdf92136cf5cab635c77a15d5dc11dd5b8f6657d1151b
manuscript_support/supplement_tables/count_model_coefficients.csv	4406	2b1f69354a86e4440a92ef4b8d225d2c0eff9dd169718b46a479b4d4273e5a01
manuscript_support/supplement_tables/count_model_status.txt	227	dfbec28dd24c038fab70b08aabaf84bca4d6487228b61d9ccbf968952aabc1d8
manuscript_support/supplement_tables/mass_screening_summary.tex	452	7a731ac9154f8059d67accd94054990eb66be72496545865dc64f288c76da458
manuscript_support/supplement_tables/scirep_quadratic_fit_table_raw_detections.tex	866	60d54f62dc5c8075b8f5682bb6a1e622d7bac0059fdc0f35aabac8d06557c22f
manuscript_support/supplement_tables/scirep_quadratic_fit_table_unique_events.tex	858	8e2936fff835d284650bf20ab2698de284fe1624f53ca5063610c25da4fe63ff
manuscript_support/supplement_tables/scirep_transient_metrics_summary.tex	34873	414c85cabd48903d5b51c0db54ca6b4c1b26091bd89b521aec34e25f7a120eb4
manuscript_support/supplement_tables/supplementary_data_inventory.tex	6714	d08c4beb8a6f394812b71f0cbb73c5e667348ab58aa3b49e75b2bcc4ddf67a3e
manuscript_support/supplement_tables/supplementary_table_S12_compact_sensitivity.csv	775	5b91edfa1c26e1497771c86a5ed916337817aae93770eea190c5b3ba8033d605
manuscript_support/supplement_tables/supplementary_table_S12_compact_sensitivity.tex	1489	0c01032d05826ee6ceb452ea11aab60bc913a0a1006deda9f5abf52439042d54
manuscript_support/tables/scirep_condition_summary_raw_unique_stability.csv	23152	d57814ced748bf4589281c866f5d584510817db8a24e6ba3a32fd93f2c1dc7e0
manuscript_support/tables/scirep_condition_summary_raw_unique_stability.tex	16484	a82cf79fb2cc86b74dc3806fd0e8c591e8bfcee8d32e37437875ac45a984dc14
manuscript_support/tables/scirep_domain_reduction_compact.tex	482	241f2475b6311491562711eaab0be1dbcec23919247e8653d54c0b6038f30503
manuscript_support/tables/scirep_domain_reduction_table.tex	2500	cc44bf1dc9d43eb1c1b7ffa252318918777ba988f4f8edb7c72c3cfd1f49bfd0
manuscript_support/tables/scirep_main_contact_correlation_summary.csv	512	9222853ab648047901278e95ee72fbe044e0889816b426f41705a7a1cae32e06
manuscript_support/tables/scirep_main_contact_correlation_summary.tex	640	cde42c61ced41b72762611f903a825aef8bd8b72497b3db6e7390e611416ac86
manuscript_support/tables/scirep_production_protocol_table.tex	662	521dc8164564cb18bb7e9993634e19ca115c919d85588fe420382266cc94dc9d
manuscript_support/tables/scirep_rank_correlation_table.tex	860	78c3102f91523983dc44638c474bedf750d31074844c02b90b25c25cb645e657
manuscript_support/tables/scirep_stability_audit_compact.tex	697	a96887ab6b6deb7f13e1146383a6d376f9b7a2bdbdc5312ba4f9f64224c76183
manuscript_support/tables/scirep_stability_audit_compact_agg.csv	760	a520fcfb9d15179cb4bb2f5324d0b0ce56e8f463ba9b0481227a2396ee55f692
manuscript_support/tables/scirep_stability_audit_compact_agg.tex	793	87b471f967fea6bc89a8cdb4efb35c2095fd830d59cc8bd1a57b8b5b541796e5
manuscript_support/tables/scirep_stability_audit_table.csv	2935	a3d8eef634c727cb8d09c461d8a4a65633c8efa6faeee727377747583b51da11
manuscript_support/tables/scirep_stability_audit_table.tex	2509	879657391105aed8bd5dd470ebf343f23622939c3331c7834b3b9cd9d143325c
manuscript_support/tables/scirep_table_raw_contact_summary_100x100x100.tex	1537	eaf3d6cf8751d9c044b91106da6a810607b1062b988c8beee5a0c7c55e8479b0
manuscript_support/tables/scirep_table_raw_contact_summary_130x130x130.tex	1506	ba72d0825c33a0990aa30397e6acb8a182708c3e32a6e7e494fc6643d367b160
manuscript_support/tables/scirep_table_unique_contact_summary_100x100x100.tex	1532	48413e424060a60300d71f8a95e138edef50af579c8700f5f946cc204b1c5bfe
manuscript_support/tables/scirep_table_unique_contact_summary_130x130x130.tex	1505	46aa05aca7cf40b75c58ce98a154c876eb50c603c5be634269603528c05fe9f8
manuscript_support/wlscirep.cls	5824	c7a941c3e4c3e9bc20c94a47113562a724b82d7da700a4891960ad9957efeb98
requirements.txt	93	5668c28c8ead64dc68703ce68a88d8b359523dcb5e1f3a0b6dcf6de6bd0056a6
results/compact_sensitivity_audit/clamp__m25_nearest_vmax0p8/attempt_log.csv	3036	3c53d1dfe66de4ace693f6d071db90c83f321c5ad3562b31b8bfc896e23d38f4
results/compact_sensitivity_audit/clamp__m25_nearest_vmax0p8/rho4.55_N60_100x100x100_nearest_r5.0_m25.0_v0.2_seed20260705_timeseries.csv	27392	298921cd3b81bf408a3c970686f8df5d807defc762ac7ad60af609c1b3950dee
results/compact_sensitivity_audit/clamp__m25_nearest_vmax0p8/rho4.55_N60_100x100x100_nearest_r5.0_m25.0_v0.2_seed20260706_timeseries.csv	27453	8e3d30b025e812d8457a16e9b06288037829ec33fd44dd074ec4e33ae46b612a
results/compact_sensitivity_audit/clamp__m25_nearest_vmax0p8/rho4.55_N60_100x100x100_nearest_r5.0_m25.0_v0.2_seed20260707_timeseries.csv	27483	05300b79064ec4acdab8a7386f5b5f3cd54d32f52cb5adfbbf9062f164987c22
results/compact_sensitivity_audit/clamp__m25_nearest_vmax0p8/rho4.55_N60_100x100x100_nearest_r5.0_m25.0_v0.2_seed20260708_timeseries.csv	27355	f01f0c5dafe47ab24ef8d9c931cc97c3efbd5d4cd83fbc83c9ac042e23397402
results/compact_sensitivity_audit/clamp__m25_nearest_vmax0p8/rho4.55_N60_100x100x100_nearest_r5.0_m25.0_v0.2_seed20260709_timeseries.csv	27434	c8462d27bf4555fb3440f617c5d66df87b8d3435d3dbfed9ef639b2d00d96ef3
results/compact_sensitivity_audit/clamp__m25_nearest_vmax0p8/rho4.55_N60_100x100x100_nearest_r5.0_m25.0_v0.2_seed20260710_timeseries.csv	27427	b2877434a37addf2e0e1d209b7f8ba4fd07919360890f08c7164242401a985a5
results/compact_sensitivity_audit/clamp__m25_nearest_vmax0p8/rho4.55_N60_100x100x100_nearest_r5.0_m25.0_v0.2_seed20260711_timeseries.csv	27473	1da55837d616183753e71684360f2df8429a4c54d000d76b2f2cfbaafcae74e2
results/compact_sensitivity_audit/clamp__m25_nearest_vmax0p8/rho4.55_N60_100x100x100_nearest_r5.0_m25.0_v0.2_seed20260712_timeseries.csv	27483	c36662076cd3f6f6956302d6c38fe0b7a065896b757dbe5b1fb4fb25bb3828bb
results/compact_sensitivity_audit/clamp__m25_nearest_vmax0p8/rho4.55_N60_100x100x100_nearest_r5.0_m25.0_v0.2_seed20260713_timeseries.csv	27364	f126e1dcee0240bc11f57c9ec5040ff69e6c41aad58bfc5e944826a8026ca5b3
results/compact_sensitivity_audit/clamp__m25_nearest_vmax0p8/rho4.55_N60_100x100x100_nearest_r5.0_m25.0_v0.2_seed20260714_timeseries.csv	27496	795b5069b1a9d983679e88d141b767adbed24d4625dfe9d65a9f76fe6628029d
results/compact_sensitivity_audit/clamp__m25_nearest_vmax0p8/rho4.55_N60_100x100x100_nearest_r5.0_m25.0_v0.2_seed20260715_timeseries.csv	27584	8a1a86e795eed8b816045f331a325eee4b81ee9fb862a31624fca502042b8d0f
results/compact_sensitivity_audit/clamp__m25_nearest_vmax0p8/rho4.55_N60_100x100x100_nearest_r5.0_m25.0_v0.2_seed20260716_timeseries.csv	27555	d2a5511e7451895628159f7840ecb5b7b3114be1081a56c149ecd1724131f6db
results/compact_sensitivity_audit/clamp__m25_nearest_vmax0p8/rho4.55_N60_100x100x100_nearest_r5.0_m25.0_v0.2_seed20260717_timeseries.csv	27500	2db3062ca805d73d39d1c14cb457ecd3084d0175d068713ccb074efd57d59a50
results/compact_sensitivity_audit/clamp__m25_nearest_vmax0p8/rho4.55_N60_100x100x100_nearest_r5.0_m25.0_v0.2_seed20260718_timeseries.csv	27528	f5bd4c4d203f9e3a4e84e5aef3cb5fbea9fa290c800620dbc737cc9ca23b1d38
results/compact_sensitivity_audit/clamp__m25_nearest_vmax0p8/rho4.55_N60_100x100x100_nearest_r5.0_m25.0_v0.2_seed20260719_timeseries.csv	27524	e64e4d2784ffa5b1bb6effbbc3a4156d00f5fa12728813d4ca44069772cfe28f
results/compact_sensitivity_audit/clamp__m25_nearest_vmax0p8/rho4.55_N60_100x100x100_nearest_r5.0_m25.0_v0.2_seed20260720_timeseries.csv	27515	b02a74e6e9757ee2dfc5bc574a59aedd5b4b232a69298587eaadbbbf6694de64
results/compact_sensitivity_audit/clamp__m25_nearest_vmax0p8/rho4.55_N60_100x100x100_nearest_r5.0_m25.0_v0.2_seed20260721_timeseries.csv	27523	2229f3427ab4321881e6afa2486e2e5d2b2ef0c427b747d7e3796737a172294b
results/compact_sensitivity_audit/clamp__m25_nearest_vmax0p8/rho4.55_N60_100x100x100_nearest_r5.0_m25.0_v0.2_seed20260722_timeseries.csv	27589	a8c32da5522b8cae12c278b57bbe810cb0fb31dd87f30f22902a153c5c97d7b9
results/compact_sensitivity_audit/clamp__m25_nearest_vmax0p8/rho4.55_N60_100x100x100_nearest_r5.0_m25.0_v0.2_seed20260723_timeseries.csv	27513	d5554270ae755701f2218b685352324c747229f4ba67426853dd9737692cf7c8
results/compact_sensitivity_audit/clamp__m25_nearest_vmax0p8/rho4.55_N60_100x100x100_nearest_r5.0_m25.0_v0.2_seed20260724_timeseries.csv	27587	064c8d10d4e1b6ab168c05b7091f69fbd68bcd8afe4715bf09059ca4dc9f0a3e
results/compact_sensitivity_audit/clamp__m25_nearest_vmax0p8/run_config.json	347	94a24a40c6b0fc304ed9904d2ca409c48a57d33b4fc9b787e7d630580387fafb
results/compact_sensitivity_audit/clamp__m25_nearest_vmax0p8/summary.csv	1540	a3756939525c0e147b9b2985ee4813a82d9e6d0e863710033353dc1eb69bb0ba
results/compact_sensitivity_audit/clamp__m25_nearest_vmax1p2/attempt_log.csv	3059	9e08f9a21be55a6799c005180f10ed20ae392a08fc8ef1e99451040d241c87f6
results/compact_sensitivity_audit/clamp__m25_nearest_vmax1p2/failed_run_config.json	385	3c3290936db385577e4d37c86b462950f2c95b2c915a971984a0a1e5b6fd02e4
results/compact_sensitivity_audit/clamp__m25_nearest_vmax1p2/rho4.55_N60_100x100x100_nearest_r5.0_m25.0_v0.2_seed20260705_timeseries.csv	27381	291980e4b9216e7d3e4602320a0306c60a20fafd3b14a4ec777b24441dd6bc06
results/compact_sensitivity_audit/clamp__m25_nearest_vmax1p2/rho4.55_N60_100x100x100_nearest_r5.0_m25.0_v0.2_seed20260706_timeseries.csv	27439	09f0f609488815de7e8166fcf6a04726a9fc6cdd898252c56a1630c8217f1de1
results/compact_sensitivity_audit/clamp__m25_nearest_vmax1p2/rho4.55_N60_100x100x100_nearest_r5.0_m25.0_v0.2_seed20260707_timeseries.csv	27467	fab1a6ba0578eb25cd57a8b5ca5402cdf750d0bbc2d03a594033b11b7e8a5be5
results/compact_sensitivity_audit/clamp__m25_nearest_vmax1p2/rho4.55_N60_100x100x100_nearest_r5.0_m25.0_v0.2_seed20260708_timeseries.csv	27345	c8f3be897d4587a1985d1ea5c977e18d8b3f730c45ba5a513228d9f1c5eb4dfb
results/compact_sensitivity_audit/clamp__m25_nearest_vmax1p2/rho4.55_N60_100x100x100_nearest_r5.0_m25.0_v0.2_seed20260709_timeseries.csv	27429	ea39d72d6674360aff3c36eb0d576cc0dac4161a941c278e552023fe695aa937
results/compact_sensitivity_audit/clamp__m25_nearest_vmax1p2/rho4.55_N60_100x100x100_nearest_r5.0_m25.0_v0.2_seed20260710_timeseries.csv	27408	7128aca0e414a53bdf84eb97a42824667effe979a75f13d8f7705a7e4dc8c179
results/compact_sensitivity_audit/clamp__m25_nearest_vmax1p2/rho4.55_N60_100x100x100_nearest_r5.0_m25.0_v0.2_seed20260711_timeseries.csv	27461	21e99398db9c786ef371f18c4d02bcbfea9be4fed67bc5a1e6f15d89872bca50
results/compact_sensitivity_audit/clamp__m25_nearest_vmax1p2/rho4.55_N60_100x100x100_nearest_r5.0_m25.0_v0.2_seed20260712_timeseries.csv	27473	adb17a2e5ee01df9e282a06bc93a209a75b9f52121af34ce317c41e9f204cde8
results/compact_sensitivity_audit/clamp__m25_nearest_vmax1p2/rho4.55_N60_100x100x100_nearest_r5.0_m25.0_v0.2_seed20260713_timeseries.csv	27351	78bc8231eeb1c1d7b4d379088a91384930cd7dd26f2f1b813e0d8ee836f93b33
results/compact_sensitivity_audit/clamp__m25_nearest_vmax1p2/rho4.55_N60_100x100x100_nearest_r5.0_m25.0_v0.2_seed20260714_timeseries.csv	27481	38a2ccf547dbad13affed100e1d2281a68645f5141d8953e09702e295c846b55
results/compact_sensitivity_audit/clamp__m25_nearest_vmax1p2/rho4.55_N60_100x100x100_nearest_r5.0_m25.0_v0.2_seed20260715_timeseries.csv	27575	dbc870bef514eb184abd64666096d43226eccf72c70cf06368b8d50d0815d619
results/compact_sensitivity_audit/clamp__m25_nearest_vmax1p2/rho4.55_N60_100x100x100_nearest_r5.0_m25.0_v0.2_seed20260716_timeseries.csv	27533	ed42e8b2bd4fd94158aba9dec85b6496f68d6d78aede8fd00057f107c638a63d
results/compact_sensitivity_audit/clamp__m25_nearest_vmax1p2/rho4.55_N60_100x100x100_nearest_r5.0_m25.0_v0.2_seed20260717_timeseries.csv	27490	544d2ea9617324117bded1cba2d4d90560eb115c3ad35accd98919e591cb9897
results/compact_sensitivity_audit/clamp__m25_nearest_vmax1p2/rho4.55_N60_100x100x100_nearest_r5.0_m25.0_v0.2_seed20260718_timeseries.csv	27516	ebf5f65116f2aa9f5fb92eadf9b50c932afe48f1285bccdc6b8aa4b4a21ea13d
results/compact_sensitivity_audit/clamp__m25_nearest_vmax1p2/rho4.55_N60_100x100x100_nearest_r5.0_m25.0_v0.2_seed20260719_timeseries.csv	27499	b8dc543462a2006af4b20483c34d8b50741eb96ac762185cf115324669cad891
results/compact_sensitivity_audit/clamp__m25_nearest_vmax1p2/rho4.55_N60_100x100x100_nearest_r5.0_m25.0_v0.2_seed20260720_timeseries.csv	27504	eaa4cb325acc06ffafa71769d17d4878f52d8d36db4ecf53265b0c34d897e063
results/compact_sensitivity_audit/clamp__m25_nearest_vmax1p2/rho4.55_N60_100x100x100_nearest_r5.0_m25.0_v0.2_seed20260721_timeseries.csv	27507	e362912a96b2e7a42ceab1128f38be42cfc771d779c1290984f82eec419dda03
results/compact_sensitivity_audit/clamp__m25_nearest_vmax1p2/rho4.55_N60_100x100x100_nearest_r5.0_m25.0_v0.2_seed20260722_timeseries.csv	27578	a47bacf184c0a34d9573dce63307d92ece7c3a233201fed359a94956e5ff32bc
results/compact_sensitivity_audit/clamp__m25_nearest_vmax1p2/rho4.55_N60_100x100x100_nearest_r5.0_m25.0_v0.2_seed20260723_timeseries.csv	27505	f67d128c48dd8d5b70df5abe893016266d831986dcdce9efa70a34bc111ad2c7
results/compact_sensitivity_audit/clamp__m25_nearest_vmax1p2/rho4.55_N60_100x100x100_nearest_r5.0_m25.0_v0.2_seed20260724_timeseries.csv	3091	fd2ec5ddea2d5389e5ed1e3d4a27192e332d6403bb6629d91f6b93e5d912bf69
results/compact_sensitivity_audit/forcing__m25_trilinear_vmax1p0/attempt_log.csv	3083	f01b9460d7f137c5a7f9c7f0284c674c55a2463d9299bfeb9bf006e8cb417bce
results/compact_sensitivity_audit/forcing__m25_trilinear_vmax1p0/rho4.55_N60_100x100x100_trilinear_r5.0_m25.0_v0.2_seed20260705_timeseries.csv	27590	fd370169077ace957139f6330042d29108a899488a141b375b6f996c3f64a2a9
results/compact_sensitivity_audit/forcing__m25_trilinear_vmax1p0/rho4.55_N60_100x100x100_trilinear_r5.0_m25.0_v0.2_seed20260706_timeseries.csv	27677	d2222265b27e3c824bbde4e18b941afdbf0e4aac7c99e6544c5b32c267eaa0ef
results/compact_sensitivity_audit/forcing__m25_trilinear_vmax1p0/rho4.55_N60_100x100x100_trilinear_r5.0_m25.0_v0.2_seed20260707_timeseries.csv	27657	e075845cea4d0b74687755ffc3fcf512316648967f6c670b747291576d1061f9
results/compact_sensitivity_audit/forcing__m25_trilinear_vmax1p0/rho4.55_N60_100x100x100_trilinear_r5.0_m25.0_v0.2_seed20260708_timeseries.csv	27543	291fbf929529d59b36bf7640a2961f7e8b4da80d735e687b41823aef5a68376a
results/compact_sensitivity_audit/forcing__m25_trilinear_vmax1p0/rho4.55_N60_100x100x100_trilinear_r5.0_m25.0_v0.2_seed20260709_timeseries.csv	27617	6faa13ea08b34c25d5e72bdc923550395881dc6460fe4230cb36aab519cd7fcb
results/compact_sensitivity_audit/forcing__m25_trilinear_vmax1p0/rho4.55_N60_100x100x100_trilinear_r5.0_m25.0_v0.2_seed20260710_timeseries.csv	27597	b07c7f570df0f20655e80cb2909db13bcd6ecb2b8ae96f9622aba5efcd8ede9f
results/compact_sensitivity_audit/forcing__m25_trilinear_vmax1p0/rho4.55_N60_100x100x100_trilinear_r5.0_m25.0_v0.2_seed20260711_timeseries.csv	27605	946f29771dff2908c9f252c359c91ef022f05eec0e0ba8d6bdca77dc97f7bcd6
results/compact_sensitivity_audit/forcing__m25_trilinear_vmax1p0/rho4.55_N60_100x100x100_trilinear_r5.0_m25.0_v0.2_seed20260712_timeseries.csv	27694	6e79bda638e60b1997360eb8ed8fd28b27a8783d61b93f0ed3a1f5e25e04da8b
results/compact_sensitivity_audit/forcing__m25_trilinear_vmax1p0/rho4.55_N60_100x100x100_trilinear_r5.0_m25.0_v0.2_seed20260713_timeseries.csv	27572	0df710199b7c4142e291f02330740527556d02afe066ffdadbda45e5826372c7
results/compact_sensitivity_audit/forcing__m25_trilinear_vmax1p0/rho4.55_N60_100x100x100_trilinear_r5.0_m25.0_v0.2_seed20260714_timeseries.csv	27655	fb7657cb02a3937e5068babf183178feada2c20a9de7750ecca4d0c034ad52c5
results/compact_sensitivity_audit/forcing__m25_trilinear_vmax1p0/rho4.55_N60_100x100x100_trilinear_r5.0_m25.0_v0.2_seed20260715_timeseries.csv	27707	8f4d49fbca2e5e4642721b53eb30dc41deb5d5df27ba61e22614c8397c8b7189
results/compact_sensitivity_audit/forcing__m25_trilinear_vmax1p0/rho4.55_N60_100x100x100_trilinear_r5.0_m25.0_v0.2_seed20260716_timeseries.csv	27593	664a44100a9823db0f92ca80be318b0f0ddc76869462c41762f8a5d024bf050e
results/compact_sensitivity_audit/forcing__m25_trilinear_vmax1p0/rho4.55_N60_100x100x100_trilinear_r5.0_m25.0_v0.2_seed20260717_timeseries.csv	27638	c7e890dd03647abc3e4a464b69e74805420a9c0057d49464a72b4cf1ae295be9
results/compact_sensitivity_audit/forcing__m25_trilinear_vmax1p0/rho4.55_N60_100x100x100_trilinear_r5.0_m25.0_v0.2_seed20260718_timeseries.csv	27731	2929070e45fefb5bd9a162abc1d8f17a5527479287754b7c177c0c446c2fce0e
results/compact_sensitivity_audit/forcing__m25_trilinear_vmax1p0/rho4.55_N60_100x100x100_trilinear_r5.0_m25.0_v0.2_seed20260719_timeseries.csv	27715	ed35c14ba46e81d8a1fb9a34345b49e66ffcf45d9c4e0d8b87f22cf5181e7e42
results/compact_sensitivity_audit/forcing__m25_trilinear_vmax1p0/rho4.55_N60_100x100x100_trilinear_r5.0_m25.0_v0.2_seed20260720_timeseries.csv	27772	08f3215eba81ee72aa3c42320925f0b6c445a6ef1e44996f1d517f68bb8c8f2e
results/compact_sensitivity_audit/forcing__m25_trilinear_vmax1p0/rho4.55_N60_100x100x100_trilinear_r5.0_m25.0_v0.2_seed20260721_timeseries.csv	27731	bf4cf96044d3097f5a200e846ca950f390aef457523bfd303a3b4f323fd18d94
results/compact_sensitivity_audit/forcing__m25_trilinear_vmax1p0/rho4.55_N60_100x100x100_trilinear_r5.0_m25.0_v0.2_seed20260722_timeseries.csv	27775	9f70300eec4536103425ccc437fc964f553f62791d7a52dfcd9c7768a60d0dd7
results/compact_sensitivity_audit/forcing__m25_trilinear_vmax1p0/rho4.55_N60_100x100x100_trilinear_r5.0_m25.0_v0.2_seed20260723_timeseries.csv	27673	1d6e578463b60a4abf1f9817a711df9c4cc42a2e4b7071c76ed48091c42f553a
results/compact_sensitivity_audit/forcing__m25_trilinear_vmax1p0/rho4.55_N60_100x100x100_trilinear_r5.0_m25.0_v0.2_seed20260724_timeseries.csv	27773	08d53fe2a074b01f67a9e7eb65f00e5fe904466aac53217b91acdba4a2249a71
results/compact_sensitivity_audit/forcing__m25_trilinear_vmax1p0/run_config.json	349	c4c187e8cae8d3ffd86a63cc88d97d50cb98f006749ece797ae604d77df2e72f
results/compact_sensitivity_audit/forcing__m25_trilinear_vmax1p0/summary.csv	1542	0e8f6850e608c4e21f860d80d88938e638430919e76f0eed7edee63b65c7b8fa
results/compact_sensitivity_audit/mass__m23_nearest_vmax1p0/attempt_log.csv	3089	ae22f7a57194fd9bdd4db53d69979df8cd6ada6b4760fb8c85e3f2c3771f0fbc
results/compact_sensitivity_audit/mass__m23_nearest_vmax1p0/failed_run_config.json	385	b462243d1501cd41f30cead0bd00e9c159c9423a58592109aea2da88e1fb4322
results/compact_sensitivity_audit/mass__m23_nearest_vmax1p0/rho4.55_N60_100x100x100_nearest_r5.0_m23.0_v0.2_seed20260705_timeseries.csv	27382	606d32a9df33331cc23d94ab8de1b595f0a8d4463064abf707dc8126e4f0eb1b
results/compact_sensitivity_audit/mass__m23_nearest_vmax1p0/rho4.55_N60_100x100x100_nearest_r5.0_m23.0_v0.2_seed20260706_timeseries.csv	27479	2adb094f289ecc96fdced93bec0f475be4943d27193ea73ffec551759cc919b0
results/compact_sensitivity_audit/mass__m23_nearest_vmax1p0/rho4.55_N60_100x100x100_nearest_r5.0_m23.0_v0.2_seed20260707_timeseries.csv	27144	286505e2cc27dd738b0ca4064c3fb9693163df1e8cc74c16fab11e1e0756fa49
results/compact_sensitivity_audit/mass__m23_nearest_vmax1p0/rho4.55_N60_100x100x100_nearest_r5.0_m23.0_v0.2_seed20260708_timeseries.csv	27429	3d0a44da3448ad2d013ff0da7d47fae768e675bc9546ea0c12d0cf7432398a41
results/compact_sensitivity_audit/mass__m23_nearest_vmax1p0/rho4.55_N60_100x100x100_nearest_r5.0_m23.0_v0.2_seed20260709_timeseries.csv	27468	93a0ea56117317e1fa70589fe56daecb0efa181742221adf7907a17ea2dd0732
results/compact_sensitivity_audit/mass__m23_nearest_vmax1p0/rho4.55_N60_100x100x100_nearest_r5.0_m23.0_v0.2_seed20260710_timeseries.csv	27431	c3d81bd6802908ffdeac7b815a31d61d12a6ae145652ed18398c425e8e0003f2
results/compact_sensitivity_audit/mass__m23_nearest_vmax1p0/rho4.55_N60_100x100x100_nearest_r5.0_m23.0_v0.2_seed20260711_timeseries.csv	27336	c07a07b4a0147ffb5342c4371e65280b3e117246019cd57d99cd80104af16962
results/compact_sensitivity_audit/mass__m23_nearest_vmax1p0/rho4.55_N60_100x100x100_nearest_r5.0_m23.0_v0.2_seed20260712_timeseries.csv	27367	c45d418ce2facf0b6d68142b683173b2f6e8360ed4c438564cc7df7ee4e39f03
results/compact_sensitivity_audit/mass__m23_nearest_vmax1p0/rho4.55_N60_100x100x100_nearest_r5.0_m23.0_v0.2_seed20260713_timeseries.csv	27385	224df9401662b8486356689d2690311408c0d4b82e34ab67cb9c5ed3a514c425
results/compact_sensitivity_audit/mass__m23_nearest_vmax1p0/rho4.55_N60_100x100x100_nearest_r5.0_m23.0_v0.2_seed20260714_timeseries.csv	27446	dffea2ede1715dc728c0295d20213e0385d836681a512d5c4c778a865b62fccd
results/compact_sensitivity_audit/mass__m23_nearest_vmax1p0/rho4.55_N60_100x100x100_nearest_r5.0_m23.0_v0.2_seed20260715_timeseries.csv	27552	e0e498ec51f429ef38e87f025839d1f4805639fd8aefc6322f6bee92838fdd62
results/compact_sensitivity_audit/mass__m23_nearest_vmax1p0/rho4.55_N60_100x100x100_nearest_r5.0_m23.0_v0.2_seed20260716_timeseries.csv	27526	4815c397c198b0a9763b7300adad5eeea1f17099ab13da9862c0d0eae90d988c
results/compact_sensitivity_audit/mass__m23_nearest_vmax1p0/rho4.55_N60_100x100x100_nearest_r5.0_m23.0_v0.2_seed20260717_timeseries.csv	27489	d469d2b6bfb549e4b93ed8c44cd56a9d8550fb0872808d20609cac2e46a350fc
results/compact_sensitivity_audit/mass__m23_nearest_vmax1p0/rho4.55_N60_100x100x100_nearest_r5.0_m23.0_v0.2_seed20260718_timeseries.csv	27247	ce516e5d29663f20043426f14f67a9d6053fc238e992087c9882dbbb9305cbc1
results/compact_sensitivity_audit/mass__m23_nearest_vmax1p0/rho4.55_N60_100x100x100_nearest_r5.0_m23.0_v0.2_seed20260719_timeseries.csv	26560	1c0247669132e1f4f5b6255a17d87af02883035d4de387584828eac0709d169f
results/compact_sensitivity_audit/mass__m23_nearest_vmax1p0/rho4.55_N60_100x100x100_nearest_r5.0_m23.0_v0.2_seed20260720_timeseries.csv	27549	20fe2a977a094978ed2a3e354eb6cce5ba3c0537a21f7ee54bd459108f26ebe7
results/compact_sensitivity_audit/mass__m23_nearest_vmax1p0/rho4.55_N60_100x100x100_nearest_r5.0_m23.0_v0.2_seed20260721_timeseries.csv	27581	867d4783a980aad678900f7671add43cd59836ec62b36210a5a938ba5de9c0e7
results/compact_sensitivity_audit/mass__m23_nearest_vmax1p0/rho4.55_N60_100x100x100_nearest_r5.0_m23.0_v0.2_seed20260722_timeseries.csv	27686	9b046d2f376c85128b739265ea1d69d7fca2729b2f526d57408a981e2eac0a60
results/compact_sensitivity_audit/mass__m23_nearest_vmax1p0/rho4.55_N60_100x100x100_nearest_r5.0_m23.0_v0.2_seed20260723_timeseries.csv	27518	f84c1588162434de917ecfa30685760fab9b1857825d8945dc829f0565e651b9
results/compact_sensitivity_audit/mass__m23_nearest_vmax1p0/rho4.55_N60_100x100x100_nearest_r5.0_m23.0_v0.2_seed20260724_timeseries.csv	27497	6cda9a21ddea65cfaa0e97461876f6ceb632ef50b18326b5bf37c24adf48b8ec
results/compact_sensitivity_audit/mass__m30_nearest_vmax1p0/attempt_log.csv	3037	485e305967c0b3dca45b405dd4d629386c33ae5802246d6a9f87ac1908cc694b
results/compact_sensitivity_audit/mass__m30_nearest_vmax1p0/rho4.55_N60_100x100x100_nearest_r5.0_m30.0_v0.2_seed20260705_timeseries.csv	27397	1b449a1a776c5d1ef00d763ad5ad0f694f9b6ee8046002e00500c6a2c4aa6aa3
results/compact_sensitivity_audit/mass__m30_nearest_vmax1p0/rho4.55_N60_100x100x100_nearest_r5.0_m30.0_v0.2_seed20260706_timeseries.csv	27299	188e5ec4bfb9ed4455fcd780c07fa4559d48f45a41ebcd400f9b3790bc0d58f0
results/compact_sensitivity_audit/mass__m30_nearest_vmax1p0/rho4.55_N60_100x100x100_nearest_r5.0_m30.0_v0.2_seed20260707_timeseries.csv	27333	c146611533a9a2a554d1085f0765b5739352c3284a91e5db352d8d760f028675
results/compact_sensitivity_audit/mass__m30_nearest_vmax1p0/rho4.55_N60_100x100x100_nearest_r5.0_m30.0_v0.2_seed20260708_timeseries.csv	27306	202db8d846fd0c873cd0beeef865525a9995d40b0108b081de1544ff6423c7ea
results/compact_sensitivity_audit/mass__m30_nearest_vmax1p0/rho4.55_N60_100x100x100_nearest_r5.0_m30.0_v0.2_seed20260709_timeseries.csv	27354	98a4e466a40521eac9a29a15da849074fb7536015afd66b6626eee01093d485e
results/compact_sensitivity_audit/mass__m30_nearest_vmax1p0/rho4.55_N60_100x100x100_nearest_r5.0_m30.0_v0.2_seed20260710_timeseries.csv	27381	0234f6462bbdcdcaf0a523681130790f203a7ede29265ed9aa359552d0189777
results/compact_sensitivity_audit/mass__m30_nearest_vmax1p0/rho4.55_N60_100x100x100_nearest_r5.0_m30.0_v0.2_seed20260711_timeseries.csv	27384	ac866c00435ff2a361a2bf1e3fdb4de55440e6021e03728a3d6f64beb0363d49
results/compact_sensitivity_audit/mass__m30_nearest_vmax1p0/rho4.55_N60_100x100x100_nearest_r5.0_m30.0_v0.2_seed20260712_timeseries.csv	27376	b561977b8a5fde4ee02ccb108868237bffae349051e3c99f55685e650030d7fc
results/compact_sensitivity_audit/mass__m30_nearest_vmax1p0/rho4.55_N60_100x100x100_nearest_r5.0_m30.0_v0.2_seed20260713_timeseries.csv	27314	1567007bf22479d080b97c06e984ded2db10d56ec5e7c4dbf98fc607a73481ad
results/compact_sensitivity_audit/mass__m30_nearest_vmax1p0/rho4.55_N60_100x100x100_nearest_r5.0_m30.0_v0.2_seed20260714_timeseries.csv	27370	8976a8a66573dd18ff5782aee8b68189845408fdd28232de7efc61442997801f
results/compact_sensitivity_audit/mass__m30_nearest_vmax1p0/rho4.55_N60_100x100x100_nearest_r5.0_m30.0_v0.2_seed20260715_timeseries.csv	27453	16c610c978f51daf3570341bcc87f9df188f2abc0a66d2f24e3069e6a11d1aa6
results/compact_sensitivity_audit/mass__m30_nearest_vmax1p0/rho4.55_N60_100x100x100_nearest_r5.0_m30.0_v0.2_seed20260716_timeseries.csv	27444	60a13d26b2e79df46e2af76112a05b62db8ed2ad2054ea2feeb1f79665f18e7b
results/compact_sensitivity_audit/mass__m30_nearest_vmax1p0/rho4.55_N60_100x100x100_nearest_r5.0_m30.0_v0.2_seed20260717_timeseries.csv	27507	dd8858bfbd42038c0d31ea22254c631b7ac7da02554bfa8897f620cb37161905
results/compact_sensitivity_audit/mass__m30_nearest_vmax1p0/rho4.55_N60_100x100x100_nearest_r5.0_m30.0_v0.2_seed20260718_timeseries.csv	27479	4e550d41973e47daf2486672bcc72e27f4da2506165aa0dc0675a011067e636a
results/compact_sensitivity_audit/mass__m30_nearest_vmax1p0/rho4.55_N60_100x100x100_nearest_r5.0_m30.0_v0.2_seed20260719_timeseries.csv	27497	afb5065c2ed443a7f9b45094bed06af09a631a906ed19dd591ebb0eabb829460
results/compact_sensitivity_audit/mass__m30_nearest_vmax1p0/rho4.55_N60_100x100x100_nearest_r5.0_m30.0_v0.2_seed20260720_timeseries.csv	27478	6237d3220577da3d430856957c6837aedeae428089fa22314906f9c6e98e1e10
results/compact_sensitivity_audit/mass__m30_nearest_vmax1p0/rho4.55_N60_100x100x100_nearest_r5.0_m30.0_v0.2_seed20260721_timeseries.csv	27400	079cfd7c48075d4e78c1f61167369ba26312306b1d8e31be7af198c3dd21c500
results/compact_sensitivity_audit/mass__m30_nearest_vmax1p0/rho4.55_N60_100x100x100_nearest_r5.0_m30.0_v0.2_seed20260722_timeseries.csv	27474	c722b055f83fd3ffddd14594ec9c5e0147812317806cf0a807e3ba9df1fa1267
results/compact_sensitivity_audit/mass__m30_nearest_vmax1p0/rho4.55_N60_100x100x100_nearest_r5.0_m30.0_v0.2_seed20260723_timeseries.csv	27439	8d660255bd5332e1f75cfe6e9846b0aa1eb78858ad732c58609826882080d7ae
results/compact_sensitivity_audit/mass__m30_nearest_vmax1p0/rho4.55_N60_100x100x100_nearest_r5.0_m30.0_v0.2_seed20260724_timeseries.csv	27423	04377e4301fa74efaf5510bababb06b172048e2c84c261dde5a22470c2c7af85
results/compact_sensitivity_audit/mass__m30_nearest_vmax1p0/run_config.json	347	c2af8b996c66f2c9b9d0966b1de2ba39fdcce93eb6618acbdf189ae71d4d98c2
results/compact_sensitivity_audit/mass__m30_nearest_vmax1p0/summary.csv	1475	4064e8d05f0654df34ce4dcf9507d62f66e86325bbdf50cbb72c06f710faec03
results/compact_sensitivity_audit/production__reference_m25_nearest_vmax1p0/attempt_log.csv	3039	d7b5a4cfa9e9f79230d09921f838ca2672cf56222400efd3d2f83366b6ba3550
results/compact_sensitivity_audit/production__reference_m25_nearest_vmax1p0/rho4.55_N60_100x100x100_nearest_r5.0_m25.0_v0.2_seed20260705_timeseries.csv	27381	179933792b5d541fdd3f150af4367bcb251cc79a96621334852ce2e8c05762cd
results/compact_sensitivity_audit/production__reference_m25_nearest_vmax1p0/rho4.55_N60_100x100x100_nearest_r5.0_m25.0_v0.2_seed20260706_timeseries.csv	27441	0aefd31d7a1c48810faeaa8236b3d55e70c957bff5471be286bcc991df6311ca
results/compact_sensitivity_audit/production__reference_m25_nearest_vmax1p0/rho4.55_N60_100x100x100_nearest_r5.0_m25.0_v0.2_seed20260707_timeseries.csv	27473	25d0e957211839832d24089f43f30f47844200b77564306711b3d8e1af70bd16
results/compact_sensitivity_audit/production__reference_m25_nearest_vmax1p0/rho4.55_N60_100x100x100_nearest_r5.0_m25.0_v0.2_seed20260708_timeseries.csv	27343	f305077c311a78f7d921ec86742212687e6684ec14e834235128332e1ab214ec
results/compact_sensitivity_audit/production__reference_m25_nearest_vmax1p0/rho4.55_N60_100x100x100_nearest_r5.0_m25.0_v0.2_seed20260709_timeseries.csv	27432	3be7895638ef0faf70ad6c7d945c23c3efb62cc8953f4ef31ee08b1f524601b5
results/compact_sensitivity_audit/production__reference_m25_nearest_vmax1p0/rho4.55_N60_100x100x100_nearest_r5.0_m25.0_v0.2_seed20260710_timeseries.csv	27408	5884c0f706a088a5709ebe977ec3a436b2dc0a9da40cb7136c093c1d5dd228e7
results/compact_sensitivity_audit/production__reference_m25_nearest_vmax1p0/rho4.55_N60_100x100x100_nearest_r5.0_m25.0_v0.2_seed20260711_timeseries.csv	27462	a8bf6a2002d33c06fce7487a9f8ec6c12861b1cdbe8a6c659fead4c6b0828875
results/compact_sensitivity_audit/production__reference_m25_nearest_vmax1p0/rho4.55_N60_100x100x100_nearest_r5.0_m25.0_v0.2_seed20260712_timeseries.csv	27474	416bcc31e5b55317e160daae15cbba874d014f63a4cdc3d20181107acaf4757f
results/compact_sensitivity_audit/production__reference_m25_nearest_vmax1p0/rho4.55_N60_100x100x100_nearest_r5.0_m25.0_v0.2_seed20260713_timeseries.csv	27347	997796ef67776029806c94427b2ca5f8a3795d8c951b2891378ff61ebec52327
results/compact_sensitivity_audit/production__reference_m25_nearest_vmax1p0/rho4.55_N60_100x100x100_nearest_r5.0_m25.0_v0.2_seed20260714_timeseries.csv	27481	d62d08534b14c73fab10ff91657af6b244d65075e43ae0ecd95fa27421543329
results/compact_sensitivity_audit/production__reference_m25_nearest_vmax1p0/rho4.55_N60_100x100x100_nearest_r5.0_m25.0_v0.2_seed20260715_timeseries.csv	27576	522573167418d77a0ff1da1ef7158895699f89c083e665373cbdd192ac070adc
results/compact_sensitivity_audit/production__reference_m25_nearest_vmax1p0/rho4.55_N60_100x100x100_nearest_r5.0_m25.0_v0.2_seed20260716_timeseries.csv	27533	41d43604e84b5d8bd8d8885f29cb312e6b9b94fcc9432d03503773e306d1496d
results/compact_sensitivity_audit/production__reference_m25_nearest_vmax1p0/rho4.55_N60_100x100x100_nearest_r5.0_m25.0_v0.2_seed20260717_timeseries.csv	27492	763e2ae8554e191bd431785416efc8eb1d15d846de572e82bcb7fe9a2766144b
results/compact_sensitivity_audit/production__reference_m25_nearest_vmax1p0/rho4.55_N60_100x100x100_nearest_r5.0_m25.0_v0.2_seed20260718_timeseries.csv	27517	ac161ce15a2697a1281f8dbce150a8f08c31f20de7ace6708655031077e04518
results/compact_sensitivity_audit/production__reference_m25_nearest_vmax1p0/rho4.55_N60_100x100x100_nearest_r5.0_m25.0_v0.2_seed20260719_timeseries.csv	27499	061d22c1affc25cc69e7ee35eaaff9bc73d372a4c21d370de192ed294445c32e
results/compact_sensitivity_audit/production__reference_m25_nearest_vmax1p0/rho4.55_N60_100x100x100_nearest_r5.0_m25.0_v0.2_seed20260720_timeseries.csv	27505	f454b8b9b908dc999f23520966567268608332512c3d383774f888f9936855b1
results/compact_sensitivity_audit/production__reference_m25_nearest_vmax1p0/rho4.55_N60_100x100x100_nearest_r5.0_m25.0_v0.2_seed20260721_timeseries.csv	27510	545dbbe6e54d602d99a22c9571380ea4e6b0eb36932cc668ddb68785e5e37c62
results/compact_sensitivity_audit/production__reference_m25_nearest_vmax1p0/rho4.55_N60_100x100x100_nearest_r5.0_m25.0_v0.2_seed20260722_timeseries.csv	27581	c31c1c279522ed630be26d50ff9e679fa9b2a845ce2a0feb29c3c6822566c392
results/compact_sensitivity_audit/production__reference_m25_nearest_vmax1p0/rho4.55_N60_100x100x100_nearest_r5.0_m25.0_v0.2_seed20260723_timeseries.csv	27502	d4d26b2421ea9d3f458fee1048c1fa70ba90cd535d7c98a471daa2e991fd584a
results/compact_sensitivity_audit/production__reference_m25_nearest_vmax1p0/rho4.55_N60_100x100x100_nearest_r5.0_m25.0_v0.2_seed20260724_timeseries.csv	27866	8edb6f806f148e03b02261ac6c2c622ee078a82c7908bcc314c3b1230faa9fc8
results/compact_sensitivity_audit/production__reference_m25_nearest_vmax1p0/run_config.json	347	adc9c65b287d5e27a1464a3d459b6afeeeb4c295659cbb8d3447feaba5bbf354
results/compact_sensitivity_audit/production__reference_m25_nearest_vmax1p0/summary.csv	1539	df8a7836aea5e92a97b3b1ccb2e055094c045b209909a5ae5a5c04c84b1ee552
results/compact_sensitivity_audit/supplementary_table_S12_compact_sensitivity.csv	1955	911975ef8a67253b02b251b22082396b3a6b08b999ae5ee111f8ffbdbba5196e
results/compact_sensitivity_audit/supplementary_table_S12_compact_sensitivity.tex	2071	027a9adaee5367c06b665bcbb880f54441e83a54692bfac3ac46eef0303ecef7
results/sensitivity_smoke_test/attempt_log.csv	424	0caf443f3ceaf2b924a9f2576bcd310b06772e31ea5272d92b049ce8c9f7416c
results/sensitivity_smoke_test/rho1.0_N2_24x24x24_nearest_r1.0_m25.0_v0.2_seed42_timeseries.csv	1201	98dacc256d6b6827c3fc4d301e31d10ce70f89aade41b01cdb7a186f69659a1e
results/sensitivity_smoke_test/run_config.json	333	ae99143891a6829086326fa219ff08ad6c8813e2527e65d8304b731496bd7341
results/sensitivity_smoke_test/summary.csv	1321	d7620a437c687c6be8b395fa9f1a9d2e59f5b5c0bafd33462dffa914afbc57d1
run_compact_sensitivity_audit.sh	2564	ac95b3d4520de52ad7fbe4479dc06f3b50fd93e55c52fc2e8eb520ba67c310d4
scripts/00_create_environment.sh	254	d086570cc01cc2e609a8446ee987fa9b88bece20c1dfe7cafc474617ac078eaf
scripts/01_run_smoke_test.sh	352	ec33458e2381ea651767e65b4959857d571daa2eb08643801a4cd577bd542055
scripts/02_run_mass_screening_reference.sh	473	b58c86955b6c01598704c5c6ec2f67cae1b36d1c0ede2c0bc8eb38370f7d0db6
scripts/03_run_full_design_10runs.sh	392	9464b0712b97456209d8687ff3916e7eb6aac2476d5d88421c5139ba0ae49619
scripts/04_run_full_production_100runs.sh	398	1dc859cffc3a1af1753a591b64bd869193142cd5db0af53bb3e9c284e3f4a0f3
scripts/05_analyze_production_results.sh	228	8f721a009be1b28c784b9a84ab0e1a62878cb00dea070acc9005de827ed2e6c1
scripts/06_validate_production_results.sh	549	0d9dc6b1ac49a1c6f727b57c3f802fa70786d838227a72f70c3697513ad70943
scripts/06b_validate_submitted_source_data.sh	109	666bc6b6badb7709fb7d5ee26ddff56202a7f8f8f5b57f0fcb2369596118d2e3
scripts/07_make_checksums.sh	812	6e54af37e5ca5b319731d4cd5bdc6b4a5558ad45423bbf7e5998f54f21956ebe
scripts/99_apply_zenodo_doi.sh	933	064649d56c4ce1bf7795909e55ef4a152441fa0675a97a284639209e64d51a36
source_data/README_source_data.md	1263	fa1697331fc28a53bff9663be36e81a26466656a8b7d629385667a0bc157e858
source_data/figures/Fig2A_domain_comparison_raw.pdf	15283	e10ffdc5eaa87f165910bf01c934b53fab26beb9752d13ae796de7428a12dfea
source_data/figures/Fig2B_domain_comparison_unique.pdf	15606	73e12026128c95c73a77cc33a5c5ff1cdcbc4e9ca32a534ec3336bb708844969
source_data/figures/Fig3_raw_vs_unique_endpoint.pdf	11784	96a8ea49996e5fb075ffdf92136cf5cab635c77a15d5dc11dd5b8f6657d1151b
source_data/figures/Fig4A_heatmap_raw_100.pdf	17312	61bd1cc354c491274de7d68156282ebc729887c9cfc492098add33a3e8978564
source_data/figures/Fig4B_heatmap_unique_100.pdf	17581	2534eca03984a9c33043f98869f04117d34f286e84ccc098a6fcc3149993a21f
source_data/figures/Fig5A_timeseries_cumulative_raw.pdf	17473	24d9451b39eab9b96aaf35770e0b0bb32fc07afdbe7d24d4a6fb644c34d648a2
source_data/figures/Fig5B_timeseries_cumulative_unique.pdf	17425	f9b6b3d30c60ee427c8d8e2685f359ba51a0b89c0134025598f3cc53bddd8631
source_data/figures/Fig6A_density_stability_margins.pdf	16684	36a98b7bd765d22312d9fb968a0a8ca6fb25f9a9b9285285e07f6fca2b117a85
source_data/figures/Fig6B_timeseries_max_rho.pdf	17525	0d9018d6b78bcb2407eb52c99b95f0ef16c7a7393a76ae41adfc53a8da3f64e4
source_data/pipeline_config_original_from_workstation.json	360	aec5cd1c1d05eaa37b9c4d6006bb90f9ab868e3ba8fee3fc4750e10dfbd4c05d
source_data/supplementary_figures/SFig1_quadratic_raw_100.pdf	21856	381e06c3d31cb658b15eeb1ce36bedf0d8063cf8aa4f723138692ac8fb84998b
source_data/supplementary_figures/SFig2_quadratic_raw_130.pdf	21872	9cd36162b1b1216aacb246657b89a42934afd4f06e3f0ac763ac8eeef73bf2d3
source_data/supplementary_figures/SFig3_quadratic_unique_100.pdf	22151	24acb46d29f33ea57e127b656c673928f1b531ff5d4101d79178a149b0436bce
source_data/supplementary_figures/SFig4_quadratic_unique_130.pdf	22157	1cf18e8364cec1c22120f032ea51873f584186464b8d33220e40589bb3a1a0f4
source_data/supplementary_figures/SFig5_worstcase_active_contacts.pdf	17641	c5d5557c14461fabda3eb6fe93547f26e430e36dd5de72d2c7b40e231fd47d0e
source_data/supplementary_figures/SFig6_worstcase_cumulative_raw.pdf	18337	8b5231510aecc1d51f4e1ea532924b3f488fbf21a9c2699a00edfeb451577922
source_data/supplementary_figures/SFig7_worstcase_cumulative_unique.pdf	18451	137530d60a32342c4e97d73400d2de9e9492c64813bb37582a8135c0e7912aea
source_data/supplementary_figures/SFig8_worstcase_max_rho.pdf	18035	96a497ef8a5e4568345f6ddf87d2cf4f83591df976f70bf22e2659bbc2d046f9
source_data/supplementary_tables/compact_sensitivity_attempt_logs/clamp__m25_nearest_vmax0p8_attempt_log.csv	3036	3c53d1dfe66de4ace693f6d071db90c83f321c5ad3562b31b8bfc896e23d38f4
source_data/supplementary_tables/compact_sensitivity_attempt_logs/clamp__m25_nearest_vmax1p2_attempt_log.csv	3059	9e08f9a21be55a6799c005180f10ed20ae392a08fc8ef1e99451040d241c87f6
source_data/supplementary_tables/compact_sensitivity_attempt_logs/forcing__m25_trilinear_vmax1p0_attempt_log.csv	3083	f01b9460d7f137c5a7f9c7f0284c674c55a2463d9299bfeb9bf006e8cb417bce
source_data/supplementary_tables/compact_sensitivity_attempt_logs/mass__m23_nearest_vmax1p0_attempt_log.csv	3089	ae22f7a57194fd9bdd4db53d69979df8cd6ada6b4760fb8c85e3f2c3771f0fbc
source_data/supplementary_tables/compact_sensitivity_attempt_logs/mass__m30_nearest_vmax1p0_attempt_log.csv	3037	485e305967c0b3dca45b405dd4d629386c33ae5802246d6a9f87ac1908cc694b
source_data/supplementary_tables/compact_sensitivity_attempt_logs/production__reference_m25_nearest_vmax1p0_attempt_log.csv	3039	d7b5a4cfa9e9f79230d09921f838ca2672cf56222400efd3d2f83366b6ba3550
source_data/supplementary_tables/count_model_coefficients.csv	4406	2b1f69354a86e4440a92ef4b8d225d2c0eff9dd169718b46a479b4d4273e5a01
source_data/supplementary_tables/count_model_status.txt	227	dfbec28dd24c038fab70b08aabaf84bca4d6487228b61d9ccbf968952aabc1d8
source_data/supplementary_tables/mass_screening_summary.tex	452	7a731ac9154f8059d67accd94054990eb66be72496545865dc64f288c76da458
source_data/supplementary_tables/scirep_quadratic_fit_table_raw_detections.tex	866	60d54f62dc5c8075b8f5682bb6a1e622d7bac0059fdc0f35aabac8d06557c22f
source_data/supplementary_tables/scirep_quadratic_fit_table_unique_events.tex	858	8e2936fff835d284650bf20ab2698de284fe1624f53ca5063610c25da4fe63ff
source_data/supplementary_tables/scirep_transient_metrics_summary.tex	34873	414c85cabd48903d5b51c0db54ca6b4c1b26091bd89b521aec34e25f7a120eb4
source_data/supplementary_tables/supplementary_data_inventory.tex	6655	2c7218f65ee5087f84db1d0c776c56879a92e2f089f0a884fdbf687e7a9982d1
source_data/supplementary_tables/supplementary_table_S12_compact_sensitivity.csv	1955	911975ef8a67253b02b251b22082396b3a6b08b999ae5ee111f8ffbdbba5196e
source_data/supplementary_tables/supplementary_table_S12_compact_sensitivity.tex	2071	027a9adaee5367c06b665bcbb880f54441e83a54692bfac3ac46eef0303ecef7
source_data/tables/count_model_coefficients.csv	4406	2b1f69354a86e4440a92ef4b8d225d2c0eff9dd169718b46a479b4d4273e5a01
source_data/tables/count_model_status.txt	227	dfbec28dd24c038fab70b08aabaf84bca4d6487228b61d9ccbf968952aabc1d8
source_data/tables/master_attempt_log.csv	583475	3de69817a3807f4025073571f103f0e1623a87813ccb79d85952478b7c7a4abd
source_data/tables/scirep_condition_summary_raw_unique_stability.csv	23152	d57814ced748bf4589281c866f5d584510817db8a24e6ba3a32fd93f2c1dc7e0
source_data/tables/scirep_quadratic_fit_table_raw_detections.tex	924	820280a09ebc9edd9f4725aacf80c064cbd601e700b1d7c5467a50e0cecf7e07
source_data/tables/scirep_quadratic_fit_table_unique_events.tex	916	2087cb051ec222bf942a0c3b189244e61ad2b55e88df7bf18f2a9ca6e6dc6545
source_data/tables/scirep_run_level_transient_metrics.csv	594249	459bef85fc73389690d598ecc5e1e8d369bcdcc5b4dd3eeae9e19bf2e56a5f6e
source_data/tables/scirep_stability_audit_table.csv	2935	a3d8eef634c727cb8d09c461d8a4a65633c8efa6faeee727377747583b51da11
source_data/tables/scirep_time_series_summary_by_condition_step.csv	2960909	1832e38b9ab5bf817e8327dd0148241a1f8a14a5d93b61ef3183aeaabc91f03b
source_data/tables/scirep_transient_metrics_summary.csv	42536	1dcfedbd1dd65d70baa951a713484acc95626f9ad48236b755cc5ac9fbd5d76f
source_data/tables/scirep_transient_metrics_summary.tex	34873	414c85cabd48903d5b51c0db54ca6b4c1b26091bd89b521aec34e25f7a120eb4
src/lbm_swarm_contact_simulator.py	37867	c1969ce1afe9025943e2c9fd8f399bc9e838689730e0f1a0b2bc1822aece728f
src/lbm_swarm_contact_simulator_sensitivity.py	40291	585da32dc47cc322908ba068a88e039c5c313b9d9c4f4f6b6cda9cdfb917510d
src/scirep_generate_tables_figures.py	51935	f0d21076cb3bfd81ab33dc65361d341d23e0cb953782ca5659b78d9b1f274801
src/validate_production_outputs.py	2342	4a89031d4bb201858c6ad1855a1416f490a38c867ec38dc50c46ede953e3b929
src/validate_submitted_source_data.py	9045	e53266279b19ebeee5d2d8b98b0ff8527162da42ee84150c8376ca2cc880cd82
summarize_compact_sensitivity_audit.py	6283	84a91a677b602afa014cc222e2f2f9bb83c9a3c1d2040b6a93e4d6e011c98214
